Emma,Liam,Jones
Olivia,Noah,Williams
Sophia,William,Campbell
Isabella,James,Davis
Ava,Logan,Thompson
Mia,Benjamin,Kelly
Emily,Mason,Sullivan
Abigail,Elijah,O'Brien
Madison,Oliver,Evans
Charlotte,Jacob,Brown
Harper,Lucas,Lewis
Sofia,Michael,Wilson
Avery,Alexander,Wallace
Elizabeth,Ethan,Ryan
Amelia,Daniel,Moore
Evelyn,Matthew,Anderson
Ella,Aiden,Jackson
Chloe,Henry,Johnson
Victoria,Joseph,Smith
Aubrey,Jackson,Murphy
Grace,Samuel,Rogers
Zoey,Sebastian,Phillips
Natalie,David,Jones
Addison,Carter,Morgan
Lillian,Wyatt,Graham
Brooklyn,Jayden,Robinson
Lily,John,Burns
Hannah,Owen,Rodriguez
Layla,Dylan,Robertson
Scarlett,Luke,Thomas
Aria,Gabriel,Walker
Zoe,Anthony,Clark
Samantha,Isaac,Harris
Anna,Grayson,Wright
Leah,Jack,Howard
Audrey,Julian,Powell
Ariana,Levi,Price
Allison,Christopher,King
Savannah,Joshua,Fitzgerald
Arianna,Andrew,Roberts
Camila,Lincoln,Taylor
Penelope,Mateo,Lopez
Gabriella,Ryan,Russell
Claire,Jaxon,Gray
Aaliyah,Nathan,Walsh
Sadie,Aaron,Duncan
Riley,Isaiah,Kelley
Skylar,Thomas,Stewart
Nora,Charles,Hernandez
Sarah,Caleb,Richardson
Hailey,Josiah,Higgins
Kaylee,Christian,Hamilton
Paisley,Hunter,Wells
Kennedy,Eli,Carroll
Ellie,Jonathan,Ferguson
Peyton,Connor,Armstrong
Annabelle,Landon,Allen
Caroline,Adrian,Burke
Madelyn,Asher,Martinez
Serenity,Cameron,Cole
Aubree,Leo,Lynch
Lucy,Theodore,McCarthy
Alexa,Jeremiah,Nelson
Alexis,Hudson,Gonzalez
Nevaeh,Robert,Baker
Stella,Easton,Parker
Violet,Nolan,Moran
Genesis,Nicholas,Hall
Mackenzie,Ezra,Craig
Bella,Colton,Perez
Autumn,Angel,Davies
Mila,Brayden,Watson
Kylie,Jordan,Hughes
Maya,Dominic,Hill
Piper,Austin,Adams
Alyssa,Ian,Chapman
Taylor,Adam,Casey
Eleanor,Elias,Butler
Melanie,Jaxson,Ward
Naomi,Greyson,White
Faith,Jose,Knight
Eva,Ezekiel,Garcia
Katherine,Carson,Grant
Lydia,Evan,Spencer
Brianna,Maverick,Henderson
Julia,Bryson,Green
Ashley,Jace,Perry
Khloe,Cooper,Bailey
Madeline,Xavier,Turner
Ruby,Parker,Cunningham
Sophie,Roman,Martin
Alexandra,Jason,Morris
London,Santiago,McLaughlin
Lauren,Chase,Harrison
Gianna,Sawyer,Long
Isabelle,Gavin,Flynn
Alice,Leonardo,Gallagher
Vivian,Kayden,Edwards
Hadley,Ayden,Brooks
Jasmine,Jameson,Miller
Morgan,Kevin,Dunn
Kayla,Bentley,Cooper
Cora,Zachary,Young
Bailey,Everett,Owens
Kimberly,Axel,Cook
Reagan,Tyler,Carter
Hazel,Micah,Ross
Clara,Vincent,Ramirez
Sydney,Weston,Ellis
Trinity,Miles,Mitchell
Natalia,Wesley,Cameron
Valentina,Nathaniel,Warren
Rylee,Harrison,Johnston
Jocelyn,Brandon,Gibson
Maria,Cole,Smith
Aurora,Declan,Buchanan
Eliana,Luis,Barnes
Brielle,Braxton,Byrne
Liliana,Damian,Riley
Mary,Silas,Morrison
Elena,Tristan,Foster
Molly,Ryder,Lloyd
Makayla,Bennett,Rivera
Lilly,George,Richards
Andrea,Emmett,McClure
Quinn,Justin,Elliott
Jordyn,Kai,Taylor
Adalynn,Max,Andrews
Nicole,Diego,Miller
Delilah,Luca,MacDonald
Kendall,Ryker,O'Neill
Kinsley,Carlos,McMahon
Ariel,Maxwell,Fowler
Payton,Kingston,Douglas
Paige,Ivan,Crawford
Mariah,Maddox,Mason
Brooke,Juan,Alexander
Willow,Ashton,Stevens
Jade,Jayce,Hawkins
Lyla,Rowan,Clark
Mya,Kaiden,Wagner
Ximena,Giovanni,Farrell
Luna,Eric,Wood
Isabel,Jesus,Fitzpatrick
Mckenzie,Calvin,McCormick
Ivy,Abel,Webb
Josephine,King,Myers
Amy,Camden,Hunt
Laila,Amir,Montgomery
Isla,Blake,Harper
Eden,Alex,Tucker
Adalyn,Brody,Schmidt
Angelina,Malachi,Torres
Londyn,Emmanuel,West
Rachel,Jonah,Sweeney
Melody,Beau,Holmes
Juliana,Jude,Dixon
Kaitlyn,Antonio,Payne
Brooklynn,Alan,Barrett
Destiny,Elliott,Jensen
Emery,Elliot,Perkins
Gracie,Waylon,O'Donnell
Norah,Xander,McLean
Emilia,Timothy,Scott
Reese,Victor,Lee
Elise,Bryce,Lucas
Sara,Finn,Murray
Aliyah,Brantley,Reed
Margaret,Edward,McCullough
Catherine,Abraham,Quinn
Vanessa,Patrick,Bennett
Katelyn,Grant,Hopkins
Gabrielle,Karter,Stephens
Arabella,Hayden,Ortiz
Valeria,Richard,Foley
Valerie,Miguel,Simmons
Adriana,Joel,Reid
Everly,Gael,McGrath
Jessica,Tucker,Patterson
Daisy,Rhett,Nolan
Makenzie,Avery,Kennedy
Summer,Steven,Sanchez
Lila,Graham,Joyce
Rebecca,Kaleb,Dillon
Julianna,Jasper,Doyle
Callie,Jesse,Brennan
Michelle,Matteo,Holland
Ryleigh,Dean,Gordon
Presley,Zayden,Brady
Alaina,Preston,McCann
Angela,August,Schneider
Alina,Oscar,Rhodes
Harmony,Jeremy,Little
Rose,Alejandro,Coleman
Athena,Marcus,McDonald
Emerson,Dawson,Howell
Adelyn,Lorenzo,Rowe
Alana,Messiah,Reyes
Hayden,Zion,Dougherty
Izabella,Maximus,Bates
Cali,River,Anderson
Marley,Zane,Romero
Esther,Mark,Rice
Fiona,Brooks,O'Connor
Stephanie,Nicolas,Webster
Cecilia,Paxton,Ritchie
Kate,Judah,MacKay
Kinley,Emiliano,Thomson
Jayla,Kaden,Hicks
Genevieve,Bryan,Hunter
Alexandria,Kyle,Hansen
Eliza,Myles,Burton
Kylee,Peter,McPherson
Alivia,Charlie,Vaughn
Giselle,Kyrie,Reynolds
Arya,Thiago,Mills
Alayna,Brian,Hogan
Leilani,Kenneth,Hayes
Adeline,Andres,Parsons
Jennifer,Lukas,Lyons
Tessa,Aidan,Gardner
Ana,Jax,Morris
Finley,Caden,Fletcher
Melissa,Milo,Hart
Daniela,Paul,Fuller
Aniyah,Beckett,McIntosh
Daleyza,Brady,Morales
Keira,Colin,Gilbert
Charlie,Omar,Martin
Lucia,Bradley,Stone
Hope,Javier,Cox
Gabriela,Knox,McFarland
Mckenna,Jaden,Nichols
Brynlee,Barrett,Fraser
Parker,Israel,Wheeler
Lola,Matias,Bradshaw
Amaya,Jorge,Kirk
Miranda,Zander,Arnold
Maggie,Derek,Rose
Anastasia,Josue,Bishop
Leila,Cayden,Thornton
Lexi,Holden,Hudson
Georgia,Griffin,Owen
Kenzie,Arthur,McGuire
Iris,Leon,Lawrence
Jacqueline,Felix,Bowman
Jordan,Remington,McLeod
Cassidy,Jake,White
Vivienne,Killian,McKenna
Camille,Clayton,Guthrie
Noelle,Sean,Moss
Adrianna,Adriel,Williams
Teagan,Riley,Jenkins
Josie,Archer,Collins
Juliette,Legend,White
Annabella,Erick,Young
Allie,Enzo,Simpson
Juliet,Corbin,Edwards
Kendra,Francisco,Bell
Sienna,Dallas,McKnight
Brynn,Emilio,Keith
Kali,Gunner,Sinclair
Maci,Simon,Donovan
Danielle,Andre,Kerr
Haley,Walter,Fox
Jenna,Damien,Murray
Raelynn,Chance,Sutton
Delaney,Phoenix,McCallum
Paris,Colt,O'Connell
Alexia,Tanner,Newton
Lyric,Stephen,Baldwin
Gemma,Kameron,Chavez
Lilliana,Tobias,Boyle
Chelsea,Manuel,Roach
Angel,Amari,Peterson
Evangeline,Emerson,Sharp
Ayla,Louis,Scott
Kayleigh,Cody,Pierce
Lena,Finley,Miller
Katie,Iker,MacGregor
Elaina,Martin,McKenzie
Olive,Rafael,Watkins
Madeleine,Nash,Heath
Makenna,Beckham,Kennedy
Dakota,Cash,Carpenter
Elsa,Karson,Connolly
Nova,Rylan,MacLean
Nadia,Reid,Harrington
Alison,Theo,Stanley
Kaydence,Ace,McIntyre
Journey,Eduardo,Palmer
Jada,Spencer,Bradley
Kathryn,Raymond,Reilly
Shelby,Maximiliano,Chase
Nina,Anderson,Williamson
Elliana,Ronan,Fisher
Diana,Lane,Clarke
Phoebe,Cristian,Drake
Alessandra,Titus,Ruiz
Eloise,Travis,Schultz
Nyla,Jett,Barnett
Skyler,Ricardo,Vaughan
Madilyn,Bodhi,Barker
Adelynn,Gideon,Ball
Miriam,Jaiden,Hickey
Ashlyn,Fernando,Ramsey
Amiyah,Mario,Schroeder
Megan,Conor,Dean
Amber,Keegan,Reeves
Rosalie,Ali,Calhoun
Annie,Cesar,Bryant
Lilah,Ellis,McKay
Charlee,Jayceon,Christie
Amanda,Walker,Rankin
Ruth,Cohen,Hurley
Adelaide,Arlo,Hahn
June,Hector,Callahan
Laura,Dante,Townsend
Daniella,Kyler,Dempsey
Mikayla,Garrett,Cantrell
Raegan,Donovan,Stafford
Jane,Seth,Bradford
Ashlynn,Jeffrey,Reese
Kelsey,Tyson,Gonzales
Erin,Jase,Ramos
Christina,Desmond,Whitehead
Joanna,Caiden,McNamara
Fatima,Gage,Greene
Allyson,Atlas,McGregor
Talia,Major,Welch
Mariana,Devin,Mahoney
Sabrina,Edwin,Conway
Haven,Angelo,Dwyer
Ainsley,Orion,Potter
Cadence,Conner,Gibbs
Elsie,Julius,Cowan
Leslie,Marco,Hoffman
Heaven,Jensen,Shelton
Arielle,Daxton,McCabe
Maddison,Peyton,Lowe
Alicia,Zayn,Clayton
Briella,Collin,Gallegos
Lucille,Jaylen,Strickland
Sawyer,Dakota,Snyder
Malia,Prince,Pruitt
Selena,Johnny,Griffin
Heidi,Kayson,Smith
Kyleigh,Cruz,Atkinson
Harley,Hendrix,Soto
Kira,Atticus,McDermott
Lana,Troy,York
Sierra,Kane,Hodges
Kiara,Edgar,Gorman
Paislee,Sergio,Berry
Alondra,Kash,Blair
Daphne,Marshall,Sawyer
Carly,Johnathan,Hammond
Jaylah,Romeo,Maher
Kyla,Shane,Flanagan
Bianca,Warren,Cross
Baylee,Joaquin,Costello
Cheyenne,Wade,Lyon
Macy,Leonel,Corcoran
Camilla,Trevor,Underwood
Catalina,Dominick,McCracken
Gia,Muhammad,Russo
Vera,Erik,Griffith
Skye,Odin,Mitchell
Aylin,Quinn,Black
Sloane,Jaxton,Skinner
Myla,Dalton,Pearson
Yaretzi,Nehemiah,Pugh
Giuliana,Frank,Conley
Macie,Grady,Lancaster
Veronica,Gregory,Page
Esmeralda,Andy,Roberts
Lia,Solomon,Cochran
Averie,Malik,Blevins
Addyson,Rory,Burgess
Kamryn,Clark,Roche
Mckinley,Reed,Horton
Ada,Harvey,Lockhart
Carmen,Zayne,Lane
Mallory,Jay,Frazier
Jillian,Jared,Brewer
Ariella,Noel,Ingram
Rylie,Shawn,Medina
Sage,Fabian,Poole
Abby,Ibrahim,Malone
Scarlet,Adonis,Rodgers
Logan,Ismael,Maynard
Tatum,Pedro,Buckley
Bethany,Leland,MacLeod
Dylan,Malakai,Wilson
Elle,Malcolm,Powers
Jazmin,Alexis,Pratt
Aspen,Kason,Norris
Camryn,Porter,Erickson
Malaysia,Sullivan,Hutchinson
Haylee,Raiden,Egan
Nayeli,Allen,Gomez
Gracelyn,Ari,Garza
Kamila,Russell,Sheehan
Helen,Princeton,Donnelly
Marilyn,Winston,Caldwell
April,Kendrick,Diaz
Carolina,Roberto,Hale
Amina,Lennox,Davis
Julie,Hayes,Marsh
Raelyn,Finnegan,Cruz
Blakely,Nasir,McConnell
Rowan,Kade,Morse
Angelique,Nico,Barr
Miracle,Emanuel,Franklin
Emely,Landen,McDonough
Jayleen,Moises,McMillan
Kennedi,Ruben,Mooney
Amira,Hugo,Ortega
Briana,Abram,Byrd
Gwendolyn,Adan,Love
Justice,Khalil,Bruce
Zara,Zaiden,Dalton
Aleah,Augustus,Cannon
Itzel,Marcos,Greer
Bristol,Philip,Wade
Francesca,Phillip,James
Emersyn,Cyrus,Johnson
Aubrie,Esteban,Keating
Karina,Braylen,Garrett
Nylah,Albert,Maldonado
Kelly,Bruce,O'Leary
Anaya,Kamden,Wilkinson
Maliyah,Lawson,Orr
Evelynn,Jamison,Barton
Ember,Sterling,Sanders
Melany,Damon,Ray
Angelica,Gunnar,Newman
Jimena,Kyson,Coughlin
Madelynn,Luka,Chandler
Kassidy,Franklin,Wood
Tiffany,Ezequiel,Meyer
Kara,Pablo,Daugherty
Jazmine,Derrick,Baird
Jayda,Zachariah,Pollard
Dahlia,Cade,Daly
Alejandra,Jonas,Saunders
Sarai,Dexter,Smith
Annabel,Kolton,Larsen
Holly,Remy,Castillo
Janelle,Hank,Padilla
Braelyn,Tate,Sutherland
Gracelynn,Trenton,Schwartz
River,Kian,Goodwin
Viviana,Drew,Monroe
Serena,Mohamed,Leblanc
Brittany,Dax,Henry
Annalise,Rocco,Tobin
Brinley,Bowen,Cullen
Madisyn,Mathias,Shaw
Eve,Ronald,McBride
Cataleya,Francis,Sandoval
Joy,Matthias,Woodward
Caitlyn,Milan,McHugh
Anabelle,Maximilian,Jarvis
Emmalyn,Royce,Hoover
Journee,Skyler,Kearney
Celeste,Corey,Weeks
Brylee,Kasen,Bauer
Luciana,Drake,McFadden
Marlee,Gerardo,MacKenzie
Savanna,Jayson,Pollock
Anya,Sage,McKinnon
Marissa,Braylon,McGinnis
Jazlyn,Benson,Whitaker
Zuri,Moses,McCall
Kailey,Alijah,Murphy
Crystal,Rhys,Flores
Michaela,Otto,Wentworth
Lorelei,Oakley,Kirby
Guadalupe,Armando,Maloney
Madilynn,Jaime,Ashby
Maeve,Nixon,Faulkner
Hanna,Saul,Ford
Priscilla,Scott,Daley
Kyra,Brycen,Lindsey
Lacey,Ariel,Patton
Nia,Enrique,Zimmerman
Charley,Donald,Salazar
Jamie,Chandler,Houston
Juniper,Asa,Regan
Cynthia,Eden,Manning
Karen,Davis,Ayers
Sylvia,Keith,Neal
Phoenix,Frederick,Nash
Aleena,Rowen,Graves
Caitlin,Lawrence,Galloway
Felicity,Leonidas,Kirkpatrick
Elisa,Aden,Purcell
Julissa,Julio,Weaver
Rebekah,Darius,Walton
Evie,Johan,Griffin
Helena,Deacon,Jimenez
Imani,Cason,Cobb
Karla,Danny,Parks
Millie,Nikolai,O'Neal
Lilian,Taylor,McDougall
Raven,Alec,Frost
Harlow,Royal,Hensley
Leia,Armani,Malloy
Ryan,Kieran,Duffy
Kailyn,Luciano,Pereira
Lillie,Omari,Steele
Amara,Rodrigo,Porter
Kadence,Arjun,Boyd
Lauryn,Ahmed,Todd
Cassandra,Brendan,Howe
Kaylie,Cullen,Coffey
Madalyn,Raul,Beach
Anika,Raphael,Bentley
Hayley,Ronin,Marshall
Bria,Brock,Dunlap
Colette,Pierce,McLain
Henley,Alonzo,Weber
Amari,Casey,Daniels
Regina,Dillon,Bond
Alanna,Uriel,Ballard
Azalea,Dustin,McCormack
Fernanda,Gianni,Patterson
Jaliyah,Roland,McGarry
Anabella,Landyn,Porter
Adelina,Kobe,Crowley
Lilyana,Dorian,O'Hara
Skyla,Emmitt,McAllister
Addisyn,Ryland,Pope
Zariah,Apollo,Lamb
Bridget,Aarav,Oliver
Braylee,Roy,Forbes
Monica,Duke,Harding
Jayden,Quentin,Adkins
Leighton,Sam,Johnston
Gloria,Lewis,Ward
Johanna,Tony,Waddell
Addilyn,Uriah,Suarez
Danna,Dennis,Cahill
Selah,Moshe,McWilliams
Aryanna,Isaias,Templeton
Kaylin,Braden,Bowen
Aniya,Quinton,Wyatt
Willa,Cannon,Schmitt
Angie,Ayaan,Doherty
Kaia,Mathew,Carney
Kaliyah,Kellan,Coyle
Anne,Niko,Stokes
Tiana,Edison,Hurst
Charleigh,Izaiah,O'Rourke
Winter,Jerry,Dolan
Danica,Gustavo,Archer
Alayah,Jamari,Klein
Aisha,Marvin,Willis
Bailee,Mauricio,Jordan
Kenley,Ahmad,Bartlett
Aileen,Mohammad,Dawson
Lexie,Justice,Holden
Janiyah,Trey,Lawson
Braelynn,Elian,Blackburn
Liberty,Mohammed,Rollins
Katelynn,Sincere,MacPherson
Mariam,Yusuf,Gutierrez
Sasha,Arturo,Leach
Lindsey,Callen,Sparks
Montserrat,Rayan,McNally
Cecelia,Keaton,McNulty
Mikaela,Wilder,Hewitt
Kaelyn,Mekhi,Larson
Rosemary,Memphis,Bird
Annika,Cayson,Holloway
Tatiana,Conrad,Short
Cameron,Kaison,Bailey
Marie,Kyree,Quinlan
Dallas,Soren,Parrish
Virginia,Colby,Moreno
Liana,Bryant,Warner
Matilda,Lucian,Kidd
Freya,Alfredo,Stevenson
Lainey,Cassius,Morrow
Hallie,Marcelo,McCurdy
Jessie,Nikolas,Curran
Audrina,Brennan,Preston
Blake,Darren,Curtis
Hattie,Jasiah,McKinney
Monserrat,Jimmy,Hagan
Kiera,Lionel,Corbett
Laylah,Reece,Power
Greta,Ty,Hess
Alyson,Chris,Alvarez
Emilee,Forrest,Carlson
Maryam,Korbin,Gunn
Melina,Tatum,Ware
Dayana,Jalen,Daniel
Jaelynn,Santino,Law
Beatrice,Case,Watson
Frances,Leonard,Miles
Elisabeth,Alvin,Stuart
Saige,Issac,Madden
Kensley,Bo,Flood
Meredith,Quincy,Freeman
Aranza,Mack,Glass
Rosa,Samson,Salisbury
Shiloh,Rex,Emery
Charli,Alberto,McNeil
Elyse,Callum,Thorpe
Alani,Curtis,Bolton
Mira,Hezekiah,Barry
Lylah,Finnley,Shepherd
Linda,Briggs,Rees
Whitney,Kamari,McDaniel
Alena,Zeke,Figueroa
Jaycee,Raylan,Hollis
Joselyn,Neil,Cooke
Ansley,Titan,Trujillo
Kynlee,Julien,Rooney
Miah,Kellen,Whalen
Tenley,Devon,Haley
Breanna,Kylan,Napier
Emelia,Roger,Moser
Maia,Axton,McDowell
Edith,Carl,Hood
Pearl,Douglas,Blake
Anahi,Larry,Vega
Coraline,Crosby,Kane
Samara,Fletcher,Stack
Demi,Makai,Clay
Chanel,Nelson,Keene
Kimber,Hamza,Coleman
Lilith,Lance,Sheridan
Malaya,Alden,Farley
Jemma,Gary,Combs
Myra,Wilson,Gill
Bryanna,Alessandro,McManus
Laney,Ares,Bain
Jaelyn,Kashton,Kent
Kaylynn,Bruno,McCulloch
Kallie,Jakob,O'Keefe
Natasha,Stetson,Davidson
Nathalie,Zain,Crabtree
Perla,Cairo,Andersen
Amani,Nathanael,Lindsay
Lilianna,Byron,Donahue
Madalynn,Harry,Dowd
Blair,Harley,Bennett
Elianna,Mitchell,Compton
Karsyn,Maurice,Boyd
Lindsay,Orlando,Fagan
Elaine,Kingsley,Adair
Dulce,Kaysen,Jacobs
Ellen,Sylas,Wiley
Erica,Trent,McElroy
Maisie,Ramon,Munoz
Renata,Boston,O'Neil
Kiley,Lucca,Kilgore
Marina,Noe,Grady
Remi,Jagger,Hutchison
Emmy,Reyansh,O'Grady
Ivanna,Vihaan,Roy
Amirah,Randy,Boone
Livia,Thaddeus,Holt
Amelie,Lennon,Silva
Irene,Kannon,Dobson
Mabel,Kohen,Cooley
Milan,Tristen,Hartley
Armani,Valentino,Kinney
Cara,Maxton,McGraw
Ciara,Salvador,Schofield
Kathleen,Abdiel,Austin
Jaylynn,Langston,Levesque
Caylee,Rohan,Woodard
Lea,Kristopher,Tierney
Erika,Yosef,Smart
Paola,Rayden,McCain
Alma,Lee,Fischer
Courtney,Callan,Finch
Mae,Tripp,Fallon
Kassandra,Deandre,Kehoe
Maleah,Joe,Greenwood
Remington,Morgan,Tennant
Leyla,Dariel,Huffman
Mina,Colten,McQueen
Ariah,Reese,Leslie
Christine,Jedidiah,Ziegler
Jasmin,Ricky,Grantham
Kora,Bronson,Floyd
Chaya,Terry,Wright
Karlee,Eddie,Halsey
Lailah,Jefferson,Fanning
Mara,Lachlan,Dickey
Jaylee,Layne,Velez
Raquel,Clay,Gibbons
Siena,Madden,Clifford
Lennon,Jamir,Beasley
Desiree,Tomas,Pike
Hadassah,Kareem,McGee
Kenya,Stanley,Maurer
Aliana,Brayan,Maxwell
Wren,Amos,Reid
Amiya,Kase,Humphrey
Isis,Kristian,Rafferty
Zaniyah,Clyde,Davidson
Avah,Ernesto,Carr
Amia,Tommy,Kenney
Cindy,Casen,Upton
Eileen,Ford,Ralston
Kayden,Crew,Hickman
Madyson,Braydon,Finn
Celine,Brecken,Aguirre
Aryana,Hassan,Harvey
Everleigh,Axl,Shields
Isabela,Boone,Butcher
Reyna,Leandro,Massey
Teresa,Samir,McDaniel
Jolene,Jaziel,Allen
Marjorie,Magnus,Ashworth
Myah,Abdullah,McCarty
Clare,Yousef,Waugh
Claudia,Branson,Peacock
Leanna,Jadiel,Koenig
Noemi,Jaxen,Strong
Corinne,Layton,Dominguez
Simone,Franco,Garrison
Alia,Ben,Munro
Brenda,Grey,Briggs
Dorothy,Kelvin,Nunez
Emilie,Chaim,May
Elin,Demetrius,Burnham
Tori,Blaine,Cormier
Martha,Ridge,Donaldson
Ally,Colson,Mendoza
Arely,Melvin,Coyne
Leona,Anakin,Benton
Patricia,Aryan,House
Sky,Lochlan,Cardenas
Thalia,Jon,Eaton
Carolyn,Canaan,Matthews
Emory,Dash,Rossi
Nataly,Zechariah,Pennington
Paityn,Alonso,Baxter
Shayla,Otis,Fernandez
Averi,Zaire,Gillespie
Jazlynn,Marcel,Peterson
Margot,Brett,Hastings
Lisa,Stefan,Allison
Lizbeth,Aldo,Moore
Nancy,Jeffery,Guzman
Deborah,Baylor,Conrad
Ivory,Talon,Nielsen
Khaleesi,Dominik,Kirkland
Elliot,Flynn,Hancock
Meadow,Carmelo,Hull
Yareli,Dane,Bragg
Farrah,Jamal,Hooper
Milania,Kole,Houghton
Janessa,Enoch,Porterfield
Milana,Graysen,Robb
Zoie,Kye,Timmons
Adele,Vicente,Olson
Clarissa,Fisher,Shea
Hunter,Ray,Melton
Lina,Fox,Hanley
Oakley,Jamie,Gilliam
Sariah,Rey,Kendall
Emmalynn,Zaid,Middleton
Galilea,Allan,Forsyth
Hailee,Emery,Monahan
Halle,Gannon,Collier
Sutton,Joziah,Cassidy
Giana,Rodney,Kincaid
Thea,Juelz,O'Sullivan
Denise,Sonny,Snow
Naya,Terrance,Goodman
Kristina,Zyaire,Sears
Liv,Augustine,McCoy
Nathaly,Cory,Downey
Wendy,Felipe,Delaney
Aubrielle,Aron,Hopper
Brenna,Jacoby,Randall
Carter,Harlan,McNeill
Danika,Marc,Carson
Monroe,Bobby,Banks
Celia,Joey,McClellan
Dana,Anson,Davenport
Jolie,Huxley,Mattingly
Taliyah,Marlon,Glover
Casey,Anders,Woodruff
Miley,Guillermo,Hubbard
Yamileth,Payton,Day
Jaylene,Castiel,Larkin
Saylor,Damari,Brown
Joyce,Shepherd,Driscoll
Milena,Azariah,Batchelor
Zariyah,Harold,Dudley
Sandra,Harper,Stanton
Ariadne,Henrik,Collins
Aviana,Houston,Holman
Mollie,Kairo,Hackett
Cherish,Willie,Lamont
Alaya,Elisha,Hampton
Asia,Ameer,Noble
Nola,Emory,Beebe
Penny,Skylar,Connell
Dixie,Sutton,Stout
Marisol,Alfonso,Lake
Adrienne,Brentley,Sherwood
Rylan,Toby,Neville
Kori,Blaze,Kenny
Kristen,Eugene,Piper
Aimee,Shiloh,Koch
Esme,Wayne,Hay
Laurel,Darian,Dalrymple
Aliza,Gordon,Santiago
Roselyn,London,Peck
Sloan,Bodie,Pritchard
Lorelai,Jordy,Monaghan
Jenny,Jermaine,Dugan
Katalina,Denver,Browne
Lara,Gerald,Sims
Amya,Merrick,Garner
Ayleen,Musa,Harris
Aubri,Vincenzo,Crockett
Ariya,Kody,McMahan
Carlee,Yahir,Whittaker
Iliana,Brodie,Fournier
Magnolia,Trace,Leonard
Aurelia,Darwin,Castro
Elliott,Tadeo,McCollum
Evalyn,Bentlee,Hays
Natalee,Billy,Benson
Rayna,Hugh,Proctor
Heather,Reginald,Fry
Collins,Vance,Stephenson
Estrella,Westin,Healy
Rory,Cain,Slattery
Hana,Arian,Slaughter
Kenna,Dayton,Norwood
Jordynn,Javion,Tucker
Rosie,Terrence,Holder
Aiyana,Brysen,Huber
America,Jaxxon,Haynes
Angeline,Thatcher,Rasmussen
Janiya,Landry,Clancy
Jessa,Rene,Munn
Tegan,Westley,Breen
Susan,Miller,Ross
Emmalee,Alvaro,Jordan
Taryn,Cristiano,Crouch
Temperance,Eliseo,Lewis
Alissa,Ephraim,Alvarado
Kenia,Adrien,Milne
Abbigail,Jerome,Galbraith
Briley,Khalid,Edmondson
Kailee,Aydin,Holbrook
Zaria,Mayson,McCartney
Chana,Alfred,Church
Lillianna,Duncan,Robles
Barbara,Junior,Meier
Carla,Kendall,Wooten
Aliya,Zavier,Hardy
Bonnie,Koda,Woods
Keyla,Maison,McClanahan
Marianna,Caspian,Gregory
Paloma,Maxim,Spence
Jewel,Kace,Herndon
Joslyn,Zackary,Phillips
Saniyah,Rudy,Trevino
Audriana,Coleman,George
Giovanna,Keagan,Meadows
Hadleigh,Kolten,O'Reilly
Mckayla,Maximo,Copeland
Jaida,Dario,Hatch
Salma,Davion,Chaney
Sharon,Kalel,Ogden
Emmaline,Briar,Hanna
Kimora,Jairo,Gentry
Wynter,Misael,McKinley
Avianna,Rogelio,Puckett
Amalia,Terrell,Vance
Karlie,Heath,Vargas
Kaidence,Micheal,Keegan
Kairi,Wesson,Wise
Libby,Aaden,Abbott
Sherlyn,Brixton,Hayden
Diamond,Draven,Meredith
Holland,Xzavier,Drew
Zendaya,Darrell,Beck
Mariyah,Keanu,Dickson
Zainab,Ronnie,MacMillan
Alisha,Konnor,McCleary
Ayanna,Will,Murdock
Ellison,Dangelo,Christian
Harlee,Frankie,Kemp
Lilyanna,Kamryn,McKee
Bryleigh,Salvatore,Vogel
Julianne,Santana,Abernathy
Kaleigh,Shaun,Keller
Miya,Coen,Fitzsimmons
Yasmin,Leighton,Bender
Anniston,Mustafa,Kearns
Estelle,Reuben,Arsenault
Emmeline,Ayan,Finnegan
Faye,Blaise,Sloan
Kiana,Dimitri,Bullock
Anabel,Keenan,Silva
Zion,Van,Blackwell
Tara,Achilles,Reynolds
Astrid,Channing,Noonan
Emerie,Ishaan,Mueller
Sidney,Wells,North
Zahra,Benton,Duckworth
Jaylin,Lamar,Ewing
Kinslee,Nova,McCaffrey
Tabitha,Yahya,Jorgensen
Aubriella,Dilan,Serrano
Addilynn,Gibson,Fox
Alyvia,Camdyn,Miranda
Hadlee,Ulises,Sharpe
Ingrid,Alexzander,MacKinnon
Lilia,Valentin,Prince
Macey,Shepard,Matthews
Azaria,Alistair,Gleason
Kaitlynn,Eason,Kelleher
Neriah,Kaiser,Dickinson
Annabell,Leroy,Medeiros
Ariyah,Zayd,Yates
Janae,Camilo,Cochrane
Kaiya,Markus,Merritt
Reina,Foster,Grace
Rivka,Davian,Fitch
Alisa,Dwayne,England
Marleigh,Jabari,Roth
Alisson,Judson,Temple
Maliah,Koa,Cantu
Mercy,Yehuda,Dowling
Noa,Lyric,Wren
Scarlette,Tristian,Nicholson
Clementine,Agustin,Somerville
Frida,Bridger,Reece
Ann,Vivaan,Devine
Sonia,Brayson,Gustafson
Alannah,Emmet,Shoemaker
Avalynn,Marley,Thurston
Dalia,Mike,Krause
Ayva,Nickolas,Olson
Stevie,Kenny,Myrick
Judith,Leif,Molloy
Paulina,Bjorn,Sampson
Azariah,Ignacio,Cooney
Estella,Rocky,Jenkins
Remy,Chad,Prater
Gwen,Gatlin,Carver
Mattie,Greysen,Peters
Milani,Kyng,Schaefer
Raina,Randall,Putnam
Julieta,Reign,Churchill
Renee,Vaughn,Broussard
Lesly,Jessie,Dodd
Abrielle,Louie,Spears
Bryn,Shmuel,Willoughby
Carlie,Zahir,Head
Riya,Ernest,Penn
Karter,Javon,Cleveland
Abril,Khari,Lacroix
Aubrianna,Reagan,Loomis
Jocelynn,Avi,Ogle
Kylah,Ira,Self
Louisa,Ledger,Bowers
Pyper,Simeon,Terry
Antonia,Yadiel,Muir
Magdalena,Maddux,Duggan
Moriah,Seamus,Bateman
Ryann,Jad,Shaffer
Tamia,Jeremias,Cox
Kailani,Kylen,Taylor
Landry,Rashad,Gauthier
Aya,Santos,Shields
Ireland,Cedric,Gillespie
Mercedes,Craig,Tilley
Rosalyn,Dominique,Urquhart
Alaysia,Gianluca,Goode
Annalee,Jovanni,Almeida
Patience,Bishop,Choate
Aanya,Brenden,Stiles
Paula,Anton,Childers
Samiyah,Camron,Moody
Yaritza,Giancarlo,Young
Cordelia,Lyle,Carey
Micah,Alaric,Nicholson
Nala,Decker,Jamison
Belen,Eliezer,Humphries
Cambria,Ramiro,Pittman
Natalya,Yisroel,Mead
Kaelynn,Howard,Hieta
Kai,Jaxx,Holo